{"param_0": 0.48868300424095745, "param_1": 0.39301126132879094}